Angle,RT60,Mu_Inv,Zeta,SI_SDR_Imp
0,0.0,0.0,1e-06,7.971
0,0.0,0.0,1e-05,7.973
0,0.0,0.0,0.0001,7.987
0,0.0,0.0,0.001,8.116
0,0.0,0.0,0.01,8.999
0,0.0,0.2,1e-06,-8.041
0,0.0,0.2,1e-05,-8.041
0,0.0,0.2,0.0001,-8.039
0,0.0,0.2,0.001,-8.021
0,0.0,0.2,0.01,-7.962
0,0.0,0.5,1e-06,-10.644
0,0.0,0.5,1e-05,-10.643
0,0.0,0.5,0.0001,-10.641
0,0.0,0.5,0.001,-10.62
0,0.0,0.5,0.01,-10.548
0,0.0,0.8,1e-06,-11.995
0,0.0,0.8,1e-05,-11.994
0,0.0,0.8,0.0001,-11.992
0,0.0,0.8,0.001,-11.969
0,0.0,0.8,0.01,-11.891
0,0.0,1.0,1e-06,-12.646
0,0.0,1.0,1e-05,-12.645
0,0.0,1.0,0.0001,-12.642
0,0.0,1.0,0.001,-12.619
0,0.0,1.0,0.01,-12.539
0,0.0,1.2,1e-06,-13.184
0,0.0,1.2,1e-05,-13.183
0,0.0,1.2,0.0001,-13.18
0,0.0,1.2,0.001,-13.156
0,0.0,1.2,0.01,-13.074
0,0.2,0.0,1e-06,5.465
0,0.2,0.0,1e-05,5.475
0,0.2,0.0,0.0001,5.578
0,0.2,0.0,0.001,6.388
0,0.2,0.0,0.01,8.885
0,0.2,0.2,1e-06,-6.022
0,0.2,0.2,1e-05,-6.02
0,0.2,0.2,0.0001,-5.994
0,0.2,0.2,0.001,-5.83
0,0.2,0.2,0.01,-5.54
0,0.2,0.5,1e-06,-8.285
0,0.2,0.5,1e-05,-8.283
0,0.2,0.5,0.0001,-8.26
0,0.2,0.5,0.001,-8.123
0,0.2,0.5,0.01,-7.908
0,0.2,0.8,1e-06,-9.502
0,0.2,0.8,1e-05,-9.5
0,0.2,0.8,0.0001,-9.479
0,0.2,0.8,0.001,-9.355
0,0.2,0.8,0.01,-9.178
0,0.2,1.0,1e-06,-10.097
0,0.2,1.0,1e-05,-10.095
0,0.2,1.0,0.0001,-10.075
0,0.2,1.0,0.001,-9.958
0,0.2,1.0,0.01,-9.799
0,0.2,1.2,1e-06,-10.593
0,0.2,1.2,1e-05,-10.591
0,0.2,1.2,0.0001,-10.572
0,0.2,1.2,0.001,-10.46
0,0.2,1.2,0.01,-10.316
0,0.4,0.0,1e-06,2.54
0,0.4,0.0,1e-05,2.545
0,0.4,0.0,0.0001,2.587
0,0.4,0.0,0.001,2.934
0,0.4,0.0,0.01,4.228
0,0.4,0.2,1e-06,-6.921
0,0.4,0.2,1e-05,-6.92
0,0.4,0.2,0.0001,-6.907
0,0.4,0.2,0.001,-6.803
0,0.4,0.2,0.01,-6.482
0,0.4,0.5,1e-06,-9.125
0,0.4,0.5,1e-05,-9.124
0,0.4,0.5,0.0001,-9.112
0,0.4,0.5,0.001,-9.021
0,0.4,0.5,0.01,-8.755
0,0.4,0.8,1e-06,-10.255
0,0.4,0.8,1e-05,-10.253
0,0.4,0.8,0.0001,-10.242
0,0.4,0.8,0.001,-10.155
0,0.4,0.8,0.01,-9.913
0,0.4,1.0,1e-06,-10.791
0,0.4,1.0,1e-05,-10.79
0,0.4,1.0,0.0001,-10.778
0,0.4,1.0,0.001,-10.694
0,0.4,1.0,0.01,-10.463
0,0.4,1.2,1e-06,-11.23
0,0.4,1.2,1e-05,-11.229
0,0.4,1.2,0.0001,-11.218
0,0.4,1.2,0.001,-11.135
0,0.4,1.2,0.01,-10.912
0,0.6,0.0,1e-06,0.537
0,0.6,0.0,1e-05,0.538
0,0.6,0.0,0.0001,0.548
0,0.6,0.0,0.001,0.642
0,0.6,0.0,0.01,1.192
0,0.6,0.2,1e-06,-9.985
0,0.6,0.2,1e-05,-9.984
0,0.6,0.2,0.0001,-9.978
0,0.6,0.2,0.001,-9.923
0,0.6,0.2,0.01,-9.703
0,0.6,0.5,1e-06,-12.148
0,0.6,0.5,1e-05,-12.147
0,0.6,0.5,0.0001,-12.141
0,0.6,0.5,0.001,-12.091
0,0.6,0.5,0.01,-11.906
0,0.6,0.8,1e-06,-13.357
0,0.6,0.8,1e-05,-13.356
0,0.6,0.8,0.0001,-13.35
0,0.6,0.8,0.001,-13.304
0,0.6,0.8,0.01,-13.139
0,0.6,1.0,1e-06,-13.959
0,0.6,1.0,1e-05,-13.958
0,0.6,1.0,0.0001,-13.953
0,0.6,1.0,0.001,-13.907
0,0.6,1.0,0.01,-13.753
0,0.6,1.2,1e-06,-14.465
0,0.6,1.2,1e-05,-14.464
0,0.6,1.2,0.0001,-14.459
0,0.6,1.2,0.001,-14.415
0,0.6,1.2,0.01,-14.269
10,0.0,0.0,1e-06,7.253
10,0.0,0.0,1e-05,7.26
10,0.0,0.0,0.0001,7.332
10,0.0,0.0,0.001,7.896
10,0.0,0.0,0.01,9.564
10,0.0,0.2,1e-06,-4.886
10,0.0,0.2,1e-05,-4.885
10,0.0,0.2,0.0001,-4.876
10,0.0,0.2,0.001,-4.814
10,0.0,0.2,0.01,-4.794
10,0.0,0.5,1e-06,-7.295
10,0.0,0.5,1e-05,-7.294
10,0.0,0.5,0.0001,-7.283
10,0.0,0.5,0.001,-7.215
10,0.0,0.5,0.01,-7.16
10,0.0,0.8,1e-06,-8.52
10,0.0,0.8,1e-05,-8.519
10,0.0,0.8,0.0001,-8.508
10,0.0,0.8,0.001,-8.433
10,0.0,0.8,0.01,-8.353
10,0.0,1.0,1e-06,-9.103
10,0.0,1.0,1e-05,-9.101
10,0.0,1.0,0.0001,-9.09
10,0.0,1.0,0.001,-9.012
10,0.0,1.0,0.01,-8.921
10,0.0,1.2,1e-06,-9.581
10,0.0,1.2,1e-05,-9.579
10,0.0,1.2,0.0001,-9.568
10,0.0,1.2,0.001,-9.487
10,0.0,1.2,0.01,-9.389
10,0.2,0.0,1e-06,5.394
10,0.2,0.0,1e-05,5.398
10,0.2,0.0,0.0001,5.435
10,0.2,0.0,0.001,5.744
10,0.2,0.0,0.01,7.134
10,0.2,0.2,1e-06,-7.378
10,0.2,0.2,1e-05,-7.377
10,0.2,0.2,0.0001,-7.37
10,0.2,0.2,0.001,-7.312
10,0.2,0.2,0.01,-7.116
10,0.2,0.5,1e-06,-9.796
10,0.2,0.5,1e-05,-9.795
10,0.2,0.5,0.0001,-9.789
10,0.2,0.5,0.001,-9.74
10,0.2,0.5,0.01,-9.582
10,0.2,0.8,1e-06,-11.097
10,0.2,0.8,1e-05,-11.097
10,0.2,0.8,0.0001,-11.091
10,0.2,0.8,0.001,-11.046
10,0.2,0.8,0.01,-10.901
10,0.2,1.0,1e-06,-11.732
10,0.2,1.0,1e-05,-11.731
10,0.2,1.0,0.0001,-11.726
10,0.2,1.0,0.001,-11.682
10,0.2,1.0,0.01,-11.542
10,0.2,1.2,1e-06,-12.259
10,0.2,1.2,1e-05,-12.259
10,0.2,1.2,0.0001,-12.253
10,0.2,1.2,0.001,-12.21
10,0.2,1.2,0.01,-12.074
10,0.4,0.0,1e-06,1.451
10,0.4,0.0,1e-05,1.454
10,0.4,0.0,0.0001,1.485
10,0.4,0.0,0.001,1.756
10,0.4,0.0,0.01,3.119
10,0.4,0.2,1e-06,-8.729
10,0.4,0.2,1e-05,-8.728
10,0.4,0.2,0.0001,-8.719
10,0.4,0.2,0.001,-8.637
10,0.4,0.2,0.01,-8.328
10,0.4,0.5,1e-06,-10.759
10,0.4,0.5,1e-05,-10.759
10,0.4,0.5,0.0001,-10.75
10,0.4,0.5,0.001,-10.678
10,0.4,0.5,0.01,-10.415
10,0.4,0.8,1e-06,-11.847
10,0.4,0.8,1e-05,-11.846
10,0.4,0.8,0.0001,-11.838
10,0.4,0.8,0.001,-11.771
10,0.4,0.8,0.01,-11.534
10,0.4,1.0,1e-06,-12.375
10,0.4,1.0,1e-05,-12.375
10,0.4,1.0,0.0001,-12.367
10,0.4,1.0,0.001,-12.303
10,0.4,1.0,0.01,-12.079
10,0.4,1.2,1e-06,-12.814
10,0.4,1.2,1e-05,-12.813
10,0.4,1.2,0.0001,-12.806
10,0.4,1.2,0.001,-12.744
10,0.4,1.2,0.01,-12.531
10,0.6,0.0,1e-06,2.407
10,0.6,0.0,1e-05,2.409
10,0.6,0.0,0.0001,2.434
10,0.6,0.0,0.001,2.654
10,0.6,0.0,0.01,3.771
10,0.6,0.2,1e-06,-10.706
10,0.6,0.2,1e-05,-10.705
10,0.6,0.2,0.0001,-10.697
10,0.6,0.2,0.001,-10.625
10,0.6,0.2,0.01,-10.308
10,0.6,0.5,1e-06,-12.784
10,0.6,0.5,1e-05,-12.784
10,0.6,0.5,0.0001,-12.776
10,0.6,0.5,0.001,-12.711
10,0.6,0.5,0.01,-12.427
10,0.6,0.8,1e-06,-13.843
10,0.6,0.8,1e-05,-13.842
10,0.6,0.8,0.0001,-13.835
10,0.6,0.8,0.001,-13.772
10,0.6,0.8,0.01,-13.507
10,0.6,1.0,1e-06,-14.346
10,0.6,1.0,1e-05,-14.345
10,0.6,1.0,0.0001,-14.338
10,0.6,1.0,0.001,-14.277
10,0.6,1.0,0.01,-14.02
10,0.6,1.2,1e-06,-14.758
10,0.6,1.2,1e-05,-14.757
10,0.6,1.2,0.0001,-14.75
10,0.6,1.2,0.001,-14.69
10,0.6,1.2,0.01,-14.441
20,0.0,0.0,1e-06,7.775
20,0.0,0.0,1e-05,7.778
20,0.0,0.0,0.0001,7.812
20,0.0,0.0,0.001,8.12
20,0.0,0.0,0.01,9.825
20,0.0,0.2,1e-06,-5.801
20,0.0,0.2,1e-05,-5.8
20,0.0,0.2,0.0001,-5.796
20,0.0,0.2,0.001,-5.756
20,0.0,0.2,0.01,-5.622
20,0.0,0.5,1e-06,-8.092
20,0.0,0.5,1e-05,-8.092
20,0.0,0.5,0.0001,-8.088
20,0.0,0.5,0.001,-8.051
20,0.0,0.5,0.01,-7.933
20,0.0,0.8,1e-06,-9.322
20,0.0,0.8,1e-05,-9.322
20,0.0,0.8,0.0001,-9.318
20,0.0,0.8,0.001,-9.283
20,0.0,0.8,0.01,-9.169
20,0.0,1.0,1e-06,-9.921
20,0.0,1.0,1e-05,-9.921
20,0.0,1.0,0.0001,-9.917
20,0.0,1.0,0.001,-9.882
20,0.0,1.0,0.01,-9.771
20,0.0,1.2,1e-06,-10.419
20,0.0,1.2,1e-05,-10.419
20,0.0,1.2,0.0001,-10.415
20,0.0,1.2,0.001,-10.381
20,0.0,1.2,0.01,-10.271
20,0.2,0.0,1e-06,5.816
20,0.2,0.0,1e-05,5.818
20,0.2,0.0,0.0001,5.835
20,0.2,0.0,0.001,5.988
20,0.2,0.0,0.01,6.745
20,0.2,0.2,1e-06,-7.0
20,0.2,0.2,1e-05,-7.0
20,0.2,0.2,0.0001,-6.993
20,0.2,0.2,0.001,-6.945
20,0.2,0.2,0.01,-6.773
20,0.2,0.5,1e-06,-9.436
20,0.2,0.5,1e-05,-9.435
20,0.2,0.5,0.0001,-9.429
20,0.2,0.5,0.001,-9.385
20,0.2,0.5,0.01,-9.229
20,0.2,0.8,1e-06,-10.714
20,0.2,0.8,1e-05,-10.713
20,0.2,0.8,0.0001,-10.708
20,0.2,0.8,0.001,-10.665
20,0.2,0.8,0.01,-10.521
20,0.2,1.0,1e-06,-11.331
20,0.2,1.0,1e-05,-11.331
20,0.2,1.0,0.0001,-11.325
20,0.2,1.0,0.001,-11.284
20,0.2,1.0,0.01,-11.147
20,0.2,1.2,1e-06,-11.842
20,0.2,1.2,1e-05,-11.841
20,0.2,1.2,0.0001,-11.836
20,0.2,1.2,0.001,-11.796
20,0.2,1.2,0.01,-11.664
20,0.4,0.0,1e-06,2.11
20,0.4,0.0,1e-05,2.11
20,0.4,0.0,0.0001,2.116
20,0.4,0.0,0.001,2.166
20,0.4,0.0,0.01,2.499
20,0.4,0.2,1e-06,-10.37
20,0.4,0.2,1e-05,-10.369
20,0.4,0.2,0.0001,-10.366
20,0.4,0.2,0.001,-10.333
20,0.4,0.2,0.01,-10.164
20,0.4,0.5,1e-06,-12.522
20,0.4,0.5,1e-05,-12.522
20,0.4,0.5,0.0001,-12.519
20,0.4,0.5,0.001,-12.488
20,0.4,0.5,0.01,-12.332
20,0.4,0.8,1e-06,-13.661
20,0.4,0.8,1e-05,-13.661
20,0.4,0.8,0.0001,-13.657
20,0.4,0.8,0.001,-13.628
20,0.4,0.8,0.01,-13.483
20,0.4,1.0,1e-06,-14.213
20,0.4,1.0,1e-05,-14.213
20,0.4,1.0,0.0001,-14.209
20,0.4,1.0,0.001,-14.181
20,0.4,1.0,0.01,-14.041
20,0.4,1.2,1e-06,-14.67
20,0.4,1.2,1e-05,-14.67
20,0.4,1.2,0.0001,-14.666
20,0.4,1.2,0.001,-14.639
20,0.4,1.2,0.01,-14.504
20,0.6,0.0,1e-06,0.609
20,0.6,0.0,1e-05,0.61
20,0.6,0.0,0.0001,0.628
20,0.6,0.0,0.001,0.786
20,0.6,0.0,0.01,1.642
20,0.6,0.2,1e-06,-9.836
20,0.6,0.2,1e-05,-9.835
20,0.6,0.2,0.0001,-9.829
20,0.6,0.2,0.001,-9.776
20,0.6,0.2,0.01,-9.528
20,0.6,0.5,1e-06,-11.912
20,0.6,0.5,1e-05,-11.912
20,0.6,0.5,0.0001,-11.907
20,0.6,0.5,0.001,-11.86
20,0.6,0.5,0.01,-11.66
20,0.6,0.8,1e-06,-13.074
20,0.6,0.8,1e-05,-13.074
20,0.6,0.8,0.0001,-13.069
20,0.6,0.8,0.001,-13.027
20,0.6,0.8,0.01,-12.853
20,0.6,1.0,1e-06,-13.653
20,0.6,1.0,1e-05,-13.652
20,0.6,1.0,0.0001,-13.647
20,0.6,1.0,0.001,-13.607
20,0.6,1.0,0.01,-13.445
20,0.6,1.2,1e-06,-14.138
20,0.6,1.2,1e-05,-14.138
20,0.6,1.2,0.0001,-14.133
20,0.6,1.2,0.001,-14.095
20,0.6,1.2,0.01,-13.943
30,0.0,0.0,1e-06,7.193
30,0.0,0.0,1e-05,7.197
30,0.0,0.0,0.0001,7.235
30,0.0,0.0,0.001,7.559
30,0.0,0.0,0.01,9.019
30,0.0,0.2,1e-06,-5.095
30,0.0,0.2,1e-05,-5.094
30,0.0,0.2,0.0001,-5.084
30,0.0,0.2,0.001,-5.011
30,0.0,0.2,0.01,-4.858
30,0.0,0.5,1e-06,-7.374
30,0.0,0.5,1e-05,-7.373
30,0.0,0.5,0.0001,-7.364
30,0.0,0.5,0.001,-7.297
30,0.0,0.5,0.01,-7.163
30,0.0,0.8,1e-06,-8.569
30,0.0,0.8,1e-05,-8.568
30,0.0,0.8,0.0001,-8.559
30,0.0,0.8,0.001,-8.494
30,0.0,0.8,0.01,-8.365
30,0.0,1.0,1e-06,-9.144
30,0.0,1.0,1e-05,-9.143
30,0.0,1.0,0.0001,-9.134
30,0.0,1.0,0.001,-9.071
30,0.0,1.0,0.01,-8.943
30,0.0,1.2,1e-06,-9.62
30,0.0,1.2,1e-05,-9.619
30,0.0,1.2,0.0001,-9.61
30,0.0,1.2,0.001,-9.547
30,0.0,1.2,0.01,-9.421
30,0.2,0.0,1e-06,6.321
30,0.2,0.0,1e-05,6.329
30,0.2,0.0,0.0001,6.413
30,0.2,0.0,0.001,7.041
30,0.2,0.0,0.01,9.014
30,0.2,0.2,1e-06,-8.071
30,0.2,0.2,1e-05,-8.069
30,0.2,0.2,0.0001,-8.052
30,0.2,0.2,0.001,-7.947
30,0.2,0.2,0.01,-7.77
30,0.2,0.5,1e-06,-10.384
30,0.2,0.5,1e-05,-10.382
30,0.2,0.5,0.0001,-10.365
30,0.2,0.5,0.001,-10.263
30,0.2,0.5,0.01,-10.096
30,0.2,0.8,1e-06,-11.587
30,0.2,0.8,1e-05,-11.585
30,0.2,0.8,0.0001,-11.568
30,0.2,0.8,0.001,-11.468
30,0.2,0.8,0.01,-11.307
30,0.2,1.0,1e-06,-12.169
30,0.2,1.0,1e-05,-12.167
30,0.2,1.0,0.0001,-12.15
30,0.2,1.0,0.001,-12.051
30,0.2,1.0,0.01,-11.894
30,0.2,1.2,1e-06,-12.651
30,0.2,1.2,1e-05,-12.649
30,0.2,1.2,0.0001,-12.632
30,0.2,1.2,0.001,-12.534
30,0.2,1.2,0.01,-12.382
30,0.4,0.0,1e-06,1.826
30,0.4,0.0,1e-05,1.827
30,0.4,0.0,0.0001,1.838
30,0.4,0.0,0.001,1.934
30,0.4,0.0,0.01,2.531
30,0.4,0.2,1e-06,-9.452
30,0.4,0.2,1e-05,-9.452
30,0.4,0.2,0.0001,-9.448
30,0.4,0.2,0.001,-9.409
30,0.4,0.2,0.01,-9.197
30,0.4,0.5,1e-06,-11.698
30,0.4,0.5,1e-05,-11.697
30,0.4,0.5,0.0001,-11.694
30,0.4,0.5,0.001,-11.659
30,0.4,0.5,0.01,-11.478
30,0.4,0.8,1e-06,-12.925
30,0.4,0.8,1e-05,-12.925
30,0.4,0.8,0.0001,-12.922
30,0.4,0.8,0.001,-12.89
30,0.4,0.8,0.01,-12.726
30,0.4,1.0,1e-06,-13.525
30,0.4,1.0,1e-05,-13.525
30,0.4,1.0,0.0001,-13.521
30,0.4,1.0,0.001,-13.491
30,0.4,1.0,0.01,-13.335
30,0.4,1.2,1e-06,-14.022
30,0.4,1.2,1e-05,-14.022
30,0.4,1.2,0.0001,-14.019
30,0.4,1.2,0.001,-13.989
30,0.4,1.2,0.01,-13.839
30,0.6,0.0,1e-06,1.389
30,0.6,0.0,1e-05,1.39
30,0.6,0.0,0.0001,1.404
30,0.6,0.0,0.001,1.528
30,0.6,0.0,0.01,2.195
30,0.6,0.2,1e-06,-8.082
30,0.6,0.2,1e-05,-8.082
30,0.6,0.2,0.0001,-8.076
30,0.6,0.2,0.001,-8.022
30,0.6,0.2,0.01,-7.788
30,0.6,0.5,1e-06,-10.278
30,0.6,0.5,1e-05,-10.277
30,0.6,0.5,0.0001,-10.272
30,0.6,0.5,0.001,-10.223
30,0.6,0.5,0.01,-10.02
30,0.6,0.8,1e-06,-11.465
30,0.6,0.8,1e-05,-11.464
30,0.6,0.8,0.0001,-11.459
30,0.6,0.8,0.001,-11.413
30,0.6,0.8,0.01,-11.226
30,0.6,1.0,1e-06,-12.042
30,0.6,1.0,1e-05,-12.042
30,0.6,1.0,0.0001,-12.037
30,0.6,1.0,0.001,-11.993
30,0.6,1.0,0.01,-11.813
30,0.6,1.2,1e-06,-12.521
30,0.6,1.2,1e-05,-12.521
30,0.6,1.2,0.0001,-12.516
30,0.6,1.2,0.001,-12.473
30,0.6,1.2,0.01,-12.3
40,0.0,0.0,1e-06,7.472
40,0.0,0.0,1e-05,7.475
40,0.0,0.0,0.0001,7.506
40,0.0,0.0,0.001,7.789
40,0.0,0.0,0.01,9.394
40,0.0,0.2,1e-06,-7.771
40,0.0,0.2,1e-05,-7.771
40,0.0,0.2,0.0001,-7.765
40,0.0,0.2,0.001,-7.72
40,0.0,0.2,0.01,-7.576
40,0.0,0.5,1e-06,-9.951
40,0.0,0.5,1e-05,-9.951
40,0.0,0.5,0.0001,-9.944
40,0.0,0.5,0.001,-9.894
40,0.0,0.5,0.01,-9.728
40,0.0,0.8,1e-06,-11.1
40,0.0,0.8,1e-05,-11.1
40,0.0,0.8,0.0001,-11.093
40,0.0,0.8,0.001,-11.04
40,0.0,0.8,0.01,-10.867
40,0.0,1.0,1e-06,-11.666
40,0.0,1.0,1e-05,-11.666
40,0.0,1.0,0.0001,-11.659
40,0.0,1.0,0.001,-11.605
40,0.0,1.0,0.01,-11.43
40,0.0,1.2,1e-06,-12.142
40,0.0,1.2,1e-05,-12.141
40,0.0,1.2,0.0001,-12.134
40,0.0,1.2,0.001,-12.08
40,0.0,1.2,0.01,-11.904
40,0.2,0.0,1e-06,4.944
40,0.2,0.0,1e-05,4.945
40,0.2,0.0,0.0001,4.958
40,0.2,0.0,0.001,5.079
40,0.2,0.0,0.01,5.821
40,0.2,0.2,1e-06,-7.581
40,0.2,0.2,1e-05,-7.58
40,0.2,0.2,0.0001,-7.577
40,0.2,0.2,0.001,-7.544
40,0.2,0.2,0.01,-7.407
40,0.2,0.5,1e-06,-9.879
40,0.2,0.5,1e-05,-9.879
40,0.2,0.5,0.0001,-9.875
40,0.2,0.5,0.001,-9.843
40,0.2,0.5,0.01,-9.717
40,0.2,0.8,1e-06,-11.087
40,0.2,0.8,1e-05,-11.087
40,0.2,0.8,0.0001,-11.083
40,0.2,0.8,0.001,-11.052
40,0.2,0.8,0.01,-10.935
40,0.2,1.0,1e-06,-11.672
40,0.2,1.0,1e-05,-11.671
40,0.2,1.0,0.0001,-11.668
40,0.2,1.0,0.001,-11.638
40,0.2,1.0,0.01,-11.524
40,0.2,1.2,1e-06,-12.156
40,0.2,1.2,1e-05,-12.155
40,0.2,1.2,0.0001,-12.152
40,0.2,1.2,0.001,-12.122
40,0.2,1.2,0.01,-12.013
40,0.4,0.0,1e-06,2.689
40,0.4,0.0,1e-05,2.692
40,0.4,0.0,0.0001,2.724
40,0.4,0.0,0.001,3.001
40,0.4,0.0,0.01,4.322
40,0.4,0.2,1e-06,-7.808
40,0.4,0.2,1e-05,-7.807
40,0.4,0.2,0.0001,-7.798
40,0.4,0.2,0.001,-7.716
40,0.4,0.2,0.01,-7.426
40,0.4,0.5,1e-06,-9.843
40,0.4,0.5,1e-05,-9.842
40,0.4,0.5,0.0001,-9.834
40,0.4,0.5,0.001,-9.763
40,0.4,0.5,0.01,-9.529
40,0.4,0.8,1e-06,-10.976
40,0.4,0.8,1e-05,-10.975
40,0.4,0.8,0.0001,-10.967
40,0.4,0.8,0.001,-10.902
40,0.4,0.8,0.01,-10.696
40,0.4,1.0,1e-06,-11.539
40,0.4,1.0,1e-05,-11.538
40,0.4,1.0,0.0001,-11.53
40,0.4,1.0,0.001,-11.468
40,0.4,1.0,0.01,-11.276
40,0.4,1.2,1e-06,-12.012
40,0.4,1.2,1e-05,-12.011
40,0.4,1.2,0.0001,-12.004
40,0.4,1.2,0.001,-11.944
40,0.4,1.2,0.01,-11.763
40,0.6,0.0,1e-06,1.144
40,0.6,0.0,1e-05,1.145
40,0.6,0.0,0.0001,1.159
40,0.6,0.0,0.001,1.284
40,0.6,0.0,0.01,1.99
40,0.6,0.2,1e-06,-9.646
40,0.6,0.2,1e-05,-9.645
40,0.6,0.2,0.0001,-9.64
40,0.6,0.2,0.001,-9.591
40,0.6,0.2,0.01,-9.352
40,0.6,0.5,1e-06,-11.639
40,0.6,0.5,1e-05,-11.638
40,0.6,0.5,0.0001,-11.633
40,0.6,0.5,0.001,-11.59
40,0.6,0.5,0.01,-11.384
40,0.6,0.8,1e-06,-12.711
40,0.6,0.8,1e-05,-12.71
40,0.6,0.8,0.0001,-12.706
40,0.6,0.8,0.001,-12.666
40,0.6,0.8,0.01,-12.478
40,0.6,1.0,1e-06,-13.235
40,0.6,1.0,1e-05,-13.234
40,0.6,1.0,0.0001,-13.23
40,0.6,1.0,0.001,-13.192
40,0.6,1.0,0.01,-13.013
40,0.6,1.2,1e-06,-13.672
40,0.6,1.2,1e-05,-13.671
40,0.6,1.2,0.0001,-13.667
40,0.6,1.2,0.001,-13.63
40,0.6,1.2,0.01,-13.459
50,0.0,0.0,1e-06,7.262
50,0.0,0.0,1e-05,7.268
50,0.0,0.0,0.0001,7.321
50,0.0,0.0,0.001,7.77
50,0.0,0.0,0.01,9.704
50,0.0,0.2,1e-06,-7.876
50,0.0,0.2,1e-05,-7.875
50,0.0,0.2,0.0001,-7.868
50,0.0,0.2,0.001,-7.819
50,0.0,0.2,0.01,-7.742
50,0.0,0.5,1e-06,-10.757
50,0.0,0.5,1e-05,-10.756
50,0.0,0.5,0.0001,-10.749
50,0.0,0.5,0.001,-10.699
50,0.0,0.5,0.01,-10.603
50,0.0,0.8,1e-06,-12.281
50,0.0,0.8,1e-05,-12.28
50,0.0,0.8,0.0001,-12.273
50,0.0,0.8,0.001,-12.221
50,0.0,0.8,0.01,-12.114
50,0.0,1.0,1e-06,-13.022
50,0.0,1.0,1e-05,-13.021
50,0.0,1.0,0.0001,-13.013
50,0.0,1.0,0.001,-12.961
50,0.0,1.0,0.01,-12.847
50,0.0,1.2,1e-06,-13.636
50,0.0,1.2,1e-05,-13.635
50,0.0,1.2,0.0001,-13.628
50,0.0,1.2,0.001,-13.574
50,0.0,1.2,0.01,-13.456
50,0.2,0.0,1e-06,4.308
50,0.2,0.0,1e-05,4.311
50,0.2,0.0,0.0001,4.342
50,0.2,0.0,0.001,4.605
50,0.2,0.0,0.01,5.792
50,0.2,0.2,1e-06,-6.765
50,0.2,0.2,1e-05,-6.764
50,0.2,0.2,0.0001,-6.753
50,0.2,0.2,0.001,-6.665
50,0.2,0.2,0.01,-6.415
50,0.2,0.5,1e-06,-8.602
50,0.2,0.5,1e-05,-8.601
50,0.2,0.5,0.0001,-8.59
50,0.2,0.5,0.001,-8.508
50,0.2,0.5,0.01,-8.288
50,0.2,0.8,1e-06,-9.576
50,0.2,0.8,1e-05,-9.575
50,0.2,0.8,0.0001,-9.565
50,0.2,0.8,0.001,-9.487
50,0.2,0.8,0.01,-9.287
50,0.2,1.0,1e-06,-10.053
50,0.2,1.0,1e-05,-10.052
50,0.2,1.0,0.0001,-10.042
50,0.2,1.0,0.001,-9.967
50,0.2,1.0,0.01,-9.779
50,0.2,1.2,1e-06,-10.453
50,0.2,1.2,1e-05,-10.452
50,0.2,1.2,0.0001,-10.442
50,0.2,1.2,0.001,-10.369
50,0.2,1.2,0.01,-10.191
50,0.4,0.0,1e-06,1.203
50,0.4,0.0,1e-05,1.205
50,0.4,0.0,0.0001,1.222
50,0.4,0.0,0.001,1.381
50,0.4,0.0,0.01,2.283
50,0.4,0.2,1e-06,-9.575
50,0.4,0.2,1e-05,-9.574
50,0.4,0.2,0.0001,-9.568
50,0.4,0.2,0.001,-9.51
50,0.4,0.2,0.01,-9.276
50,0.4,0.5,1e-06,-11.874
50,0.4,0.5,1e-05,-11.873
50,0.4,0.5,0.0001,-11.867
50,0.4,0.5,0.001,-11.814
50,0.4,0.5,0.01,-11.61
50,0.4,0.8,1e-06,-13.116
50,0.4,0.8,1e-05,-13.116
50,0.4,0.8,0.0001,-13.11
50,0.4,0.8,0.001,-13.06
50,0.4,0.8,0.01,-12.871
50,0.4,1.0,1e-06,-13.722
50,0.4,1.0,1e-05,-13.721
50,0.4,1.0,0.0001,-13.716
50,0.4,1.0,0.001,-13.667
50,0.4,1.0,0.01,-13.485
50,0.4,1.2,1e-06,-14.225
50,0.4,1.2,1e-05,-14.224
50,0.4,1.2,0.0001,-14.218
50,0.4,1.2,0.001,-14.171
50,0.4,1.2,0.01,-13.996
50,0.6,0.0,1e-06,0.371
50,0.6,0.0,1e-05,0.373
50,0.6,0.0,0.0001,0.397
50,0.6,0.0,0.001,0.609
50,0.6,0.0,0.01,1.692
50,0.6,0.2,1e-06,-10.647
50,0.6,0.2,1e-05,-10.646
50,0.6,0.2,0.0001,-10.639
50,0.6,0.2,0.001,-10.578
50,0.6,0.2,0.01,-10.324
50,0.6,0.5,1e-06,-12.937
50,0.6,0.5,1e-05,-12.936
50,0.6,0.5,0.0001,-12.93
50,0.6,0.5,0.001,-12.876
50,0.6,0.5,0.01,-12.658
50,0.6,0.8,1e-06,-14.163
50,0.6,0.8,1e-05,-14.162
50,0.6,0.8,0.0001,-14.156
50,0.6,0.8,0.001,-14.106
50,0.6,0.8,0.01,-13.909
50,0.6,1.0,1e-06,-14.762
50,0.6,1.0,1e-05,-14.761
50,0.6,1.0,0.0001,-14.756
50,0.6,1.0,0.001,-14.707
50,0.6,1.0,0.01,-14.521
50,0.6,1.2,1e-06,-15.261
50,0.6,1.2,1e-05,-15.261
50,0.6,1.2,0.0001,-15.255
50,0.6,1.2,0.001,-15.208
50,0.6,1.2,0.01,-15.031
60,0.0,0.0,1e-06,6.652
60,0.0,0.0,1e-05,6.654
60,0.0,0.0,0.0001,6.675
60,0.0,0.0,0.001,6.867
60,0.0,0.0,0.01,8.002
60,0.0,0.2,1e-06,-6.718
60,0.0,0.2,1e-05,-6.718
60,0.0,0.2,0.0001,-6.712
60,0.0,0.2,0.001,-6.67
60,0.0,0.2,0.01,-6.519
60,0.0,0.5,1e-06,-9.104
60,0.0,0.5,1e-05,-9.104
60,0.0,0.5,0.0001,-9.098
60,0.0,0.5,0.001,-9.052
60,0.0,0.5,0.01,-8.876
60,0.0,0.8,1e-06,-10.367
60,0.0,0.8,1e-05,-10.367
60,0.0,0.8,0.0001,-10.361
60,0.0,0.8,0.001,-10.313
60,0.0,0.8,0.01,-10.127
60,0.0,1.0,1e-06,-10.983
60,0.0,1.0,1e-05,-10.982
60,0.0,1.0,0.0001,-10.976
60,0.0,1.0,0.001,-10.928
60,0.0,1.0,0.01,-10.738
60,0.0,1.2,1e-06,-11.495
60,0.0,1.2,1e-05,-11.494
60,0.0,1.2,0.0001,-11.488
60,0.0,1.2,0.001,-11.44
60,0.0,1.2,0.01,-11.248
60,0.2,0.0,1e-06,3.908
60,0.2,0.0,1e-05,3.912
60,0.2,0.0,0.0001,3.952
60,0.2,0.0,0.001,4.282
60,0.2,0.0,0.01,5.595
60,0.2,0.2,1e-06,-5.678
60,0.2,0.2,1e-05,-5.677
60,0.2,0.2,0.0001,-5.665
60,0.2,0.2,0.001,-5.571
60,0.2,0.2,0.01,-5.315
60,0.2,0.5,1e-06,-7.715
60,0.2,0.5,1e-05,-7.714
60,0.2,0.5,0.0001,-7.703
60,0.2,0.5,0.001,-7.621
60,0.2,0.5,0.01,-7.411
60,0.2,0.8,1e-06,-8.827
60,0.2,0.8,1e-05,-8.826
60,0.2,0.8,0.0001,-8.815
60,0.2,0.8,0.001,-8.739
60,0.2,0.8,0.01,-8.552
60,0.2,1.0,1e-06,-9.375
60,0.2,1.0,1e-05,-9.374
60,0.2,1.0,0.0001,-9.364
60,0.2,1.0,0.001,-9.29
60,0.2,1.0,0.01,-9.114
60,0.2,1.2,1e-06,-9.833
60,0.2,1.2,1e-05,-9.832
60,0.2,1.2,0.0001,-9.822
60,0.2,1.2,0.001,-9.75
60,0.2,1.2,0.01,-9.583
60,0.4,0.0,1e-06,2.114
60,0.4,0.0,1e-05,2.116
60,0.4,0.0,0.0001,2.137
60,0.4,0.0,0.001,2.325
60,0.4,0.0,0.01,3.233
60,0.4,0.2,1e-06,-8.601
60,0.4,0.2,1e-05,-8.601
60,0.4,0.2,0.0001,-8.593
60,0.4,0.2,0.001,-8.527
60,0.4,0.2,0.01,-8.34
60,0.4,0.5,1e-06,-10.841
60,0.4,0.5,1e-05,-10.84
60,0.4,0.5,0.0001,-10.833
60,0.4,0.5,0.001,-10.773
60,0.4,0.5,0.01,-10.625
60,0.4,0.8,1e-06,-12.057
60,0.4,0.8,1e-05,-12.056
60,0.4,0.8,0.0001,-12.049
60,0.4,0.8,0.001,-11.992
60,0.4,0.8,0.01,-11.861
60,0.4,1.0,1e-06,-12.652
60,0.4,1.0,1e-05,-12.651
60,0.4,1.0,0.0001,-12.644
60,0.4,1.0,0.001,-12.588
60,0.4,1.0,0.01,-12.467
60,0.4,1.2,1e-06,-13.147
60,0.4,1.2,1e-05,-13.147
60,0.4,1.2,0.0001,-13.14
60,0.4,1.2,0.001,-13.086
60,0.4,1.2,0.01,-12.97
60,0.6,0.0,1e-06,0.782
60,0.6,0.0,1e-05,0.788
60,0.6,0.0,0.0001,0.849
60,0.6,0.0,0.001,1.354
60,0.6,0.0,0.01,3.243
60,0.6,0.2,1e-06,-7.897
60,0.6,0.2,1e-05,-7.895
60,0.6,0.2,0.0001,-7.874
60,0.6,0.2,0.001,-7.717
60,0.6,0.2,0.01,-7.324
60,0.6,0.5,1e-06,-10.052
60,0.6,0.5,1e-05,-10.05
60,0.6,0.5,0.0001,-10.031
60,0.6,0.5,0.001,-9.892
60,0.6,0.5,0.01,-9.566
60,0.6,0.8,1e-06,-11.236
60,0.6,0.8,1e-05,-11.235
60,0.6,0.8,0.0001,-11.217
60,0.6,0.8,0.001,-11.086
60,0.6,0.8,0.01,-10.79
60,0.6,1.0,1e-06,-11.818
60,0.6,1.0,1e-05,-11.816
60,0.6,1.0,0.0001,-11.799
60,0.6,1.0,0.001,-11.671
60,0.6,1.0,0.01,-11.39
60,0.6,1.2,1e-06,-12.303
60,0.6,1.2,1e-05,-12.301
60,0.6,1.2,0.0001,-12.284
60,0.6,1.2,0.001,-12.16
60,0.6,1.2,0.01,-11.889
70,0.0,0.0,1e-06,5.884
70,0.0,0.0,1e-05,5.887
70,0.0,0.0,0.0001,5.923
70,0.0,0.0,0.001,6.241
70,0.0,0.0,0.01,7.847
70,0.0,0.2,1e-06,-6.733
70,0.0,0.2,1e-05,-6.732
70,0.0,0.2,0.0001,-6.721
70,0.0,0.2,0.001,-6.632
70,0.0,0.2,0.01,-6.292
70,0.0,0.5,1e-06,-8.968
70,0.0,0.5,1e-05,-8.967
70,0.0,0.5,0.0001,-8.957
70,0.0,0.5,0.001,-8.869
70,0.0,0.5,0.01,-8.546
70,0.0,0.8,1e-06,-10.134
70,0.0,0.8,1e-05,-10.133
70,0.0,0.8,0.0001,-10.122
70,0.0,0.8,0.001,-10.036
70,0.0,0.8,0.01,-9.723
70,0.0,1.0,1e-06,-10.698
70,0.0,1.0,1e-05,-10.697
70,0.0,1.0,0.0001,-10.687
70,0.0,1.0,0.001,-10.601
70,0.0,1.0,0.01,-10.295
70,0.0,1.2,1e-06,-11.167
70,0.0,1.2,1e-05,-11.166
70,0.0,1.2,0.0001,-11.155
70,0.0,1.2,0.001,-11.07
70,0.0,1.2,0.01,-10.769
70,0.2,0.0,1e-06,4.019
70,0.2,0.0,1e-05,4.021
70,0.2,0.0,0.0001,4.043
70,0.2,0.0,0.001,4.23
70,0.2,0.0,0.01,5.091
70,0.2,0.2,1e-06,-9.869
70,0.2,0.2,1e-05,-9.867
70,0.2,0.2,0.0001,-9.855
70,0.2,0.2,0.001,-9.758
70,0.2,0.2,0.01,-9.452
70,0.2,0.5,1e-06,-11.885
70,0.2,0.5,1e-05,-11.884
70,0.2,0.5,0.0001,-11.872
70,0.2,0.5,0.001,-11.783
70,0.2,0.5,0.01,-11.511
70,0.2,0.8,1e-06,-12.99
70,0.2,0.8,1e-05,-12.989
70,0.2,0.8,0.0001,-12.978
70,0.2,0.8,0.001,-12.894
70,0.2,0.8,0.01,-12.646
70,0.2,1.0,1e-06,-13.54
70,0.2,1.0,1e-05,-13.539
70,0.2,1.0,0.0001,-13.528
70,0.2,1.0,0.001,-13.446
70,0.2,1.0,0.01,-13.211
70,0.2,1.2,1e-06,-14.003
70,0.2,1.2,1e-05,-14.002
70,0.2,1.2,0.0001,-13.991
70,0.2,1.2,0.001,-13.912
70,0.2,1.2,0.01,-13.687
70,0.4,0.0,1e-06,0.628
70,0.4,0.0,1e-05,0.632
70,0.4,0.0,0.0001,0.667
70,0.4,0.0,0.001,0.958
70,0.4,0.0,0.01,2.008
70,0.4,0.2,1e-06,-9.252
70,0.4,0.2,1e-05,-9.251
70,0.4,0.2,0.0001,-9.237
70,0.4,0.2,0.001,-9.131
70,0.4,0.2,0.01,-8.81
70,0.4,0.5,1e-06,-11.153
70,0.4,0.5,1e-05,-11.152
70,0.4,0.5,0.0001,-11.139
70,0.4,0.5,0.001,-11.041
70,0.4,0.5,0.01,-10.751
70,0.4,0.8,1e-06,-12.117
70,0.4,0.8,1e-05,-12.115
70,0.4,0.8,0.0001,-12.103
70,0.4,0.8,0.001,-12.007
70,0.4,0.8,0.01,-11.731
70,0.4,1.0,1e-06,-12.569
70,0.4,1.0,1e-05,-12.568
70,0.4,1.0,0.0001,-12.555
70,0.4,1.0,0.001,-12.461
70,0.4,1.0,0.01,-12.193
70,0.4,1.2,1e-06,-12.937
70,0.4,1.2,1e-05,-12.936
70,0.4,1.2,0.0001,-12.923
70,0.4,1.2,0.001,-12.831
70,0.4,1.2,0.01,-12.568
70,0.6,0.0,1e-06,1.403
70,0.6,0.0,1e-05,1.404
70,0.6,0.0,0.0001,1.416
70,0.6,0.0,0.001,1.527
70,0.6,0.0,0.01,2.24
70,0.6,0.2,1e-06,-8.536
70,0.6,0.2,1e-05,-8.536
70,0.6,0.2,0.0001,-8.532
70,0.6,0.2,0.001,-8.495
70,0.6,0.2,0.01,-8.325
70,0.6,0.5,1e-06,-10.773
70,0.6,0.5,1e-05,-10.773
70,0.6,0.5,0.0001,-10.769
70,0.6,0.5,0.001,-10.737
70,0.6,0.5,0.01,-10.6
70,0.6,0.8,1e-06,-12.009
70,0.6,0.8,1e-05,-12.009
70,0.6,0.8,0.0001,-12.005
70,0.6,0.8,0.001,-11.976
70,0.6,0.8,0.01,-11.856
70,0.6,1.0,1e-06,-12.621
70,0.6,1.0,1e-05,-12.621
70,0.6,1.0,0.0001,-12.618
70,0.6,1.0,0.001,-12.589
70,0.6,1.0,0.01,-12.477
70,0.6,1.2,1e-06,-13.134
70,0.6,1.2,1e-05,-13.134
70,0.6,1.2,0.0001,-13.131
70,0.6,1.2,0.001,-13.104
70,0.6,1.2,0.01,-12.998
75,0.0,0.0,1e-06,4.547
75,0.0,0.0,1e-05,4.549
75,0.0,0.0,0.0001,4.573
75,0.0,0.0,0.001,4.787
75,0.0,0.0,0.01,5.957
75,0.0,0.2,1e-06,-6.435
75,0.0,0.2,1e-05,-6.435
75,0.0,0.2,0.0001,-6.427
75,0.0,0.2,0.001,-6.357
75,0.0,0.2,0.01,-6.083
75,0.0,0.5,1e-06,-8.424
75,0.0,0.5,1e-05,-8.423
75,0.0,0.5,0.0001,-8.416
75,0.0,0.5,0.001,-8.359
75,0.0,0.5,0.01,-8.154
75,0.0,0.8,1e-06,-9.52
75,0.0,0.8,1e-05,-9.52
75,0.0,0.8,0.0001,-9.513
75,0.0,0.8,0.001,-9.462
75,0.0,0.8,0.01,-9.289
75,0.0,1.0,1e-06,-10.063
75,0.0,1.0,1e-05,-10.062
75,0.0,1.0,0.0001,-10.056
75,0.0,1.0,0.001,-10.007
75,0.0,1.0,0.01,-9.847
75,0.0,1.2,1e-06,-10.517
75,0.0,1.2,1e-05,-10.516
75,0.0,1.2,0.0001,-10.51
75,0.0,1.2,0.001,-10.463
75,0.0,1.2,0.01,-10.313
75,0.2,0.0,1e-06,4.361
75,0.2,0.0,1e-05,4.369
75,0.2,0.0,0.0001,4.443
75,0.2,0.0,0.001,5.073
75,0.2,0.0,0.01,7.467
75,0.2,0.2,1e-06,-6.774
75,0.2,0.2,1e-05,-6.772
75,0.2,0.2,0.0001,-6.756
75,0.2,0.2,0.001,-6.632
75,0.2,0.2,0.01,-6.377
75,0.2,0.5,1e-06,-8.825
75,0.2,0.5,1e-05,-8.824
75,0.2,0.5,0.0001,-8.809
75,0.2,0.5,0.001,-8.7
75,0.2,0.5,0.01,-8.491
75,0.2,0.8,1e-06,-9.905
75,0.2,0.8,1e-05,-9.904
75,0.2,0.8,0.0001,-9.89
75,0.2,0.8,0.001,-9.787
75,0.2,0.8,0.01,-9.599
75,0.2,1.0,1e-06,-10.43
75,0.2,1.0,1e-05,-10.428
75,0.2,1.0,0.0001,-10.415
75,0.2,1.0,0.001,-10.314
75,0.2,1.0,0.01,-10.137
75,0.2,1.2,1e-06,-10.865
75,0.2,1.2,1e-05,-10.863
75,0.2,1.2,0.0001,-10.85
75,0.2,1.2,0.001,-10.752
75,0.2,1.2,0.01,-10.584
75,0.4,0.0,1e-06,1.948
75,0.4,0.0,1e-05,1.95
75,0.4,0.0,0.0001,1.969
75,0.4,0.0,0.001,2.146
75,0.4,0.0,0.01,3.119
75,0.4,0.2,1e-06,-13.025
75,0.4,0.2,1e-05,-13.025
75,0.4,0.2,0.0001,-13.019
75,0.4,0.2,0.001,-12.966
75,0.4,0.2,0.01,-12.724
75,0.4,0.5,1e-06,-15.455
75,0.4,0.5,1e-05,-15.454
75,0.4,0.5,0.0001,-15.449
75,0.4,0.5,0.001,-15.402
75,0.4,0.5,0.01,-15.193
75,0.4,0.8,1e-06,-16.698
75,0.4,0.8,1e-05,-16.697
75,0.4,0.8,0.0001,-16.692
75,0.4,0.8,0.001,-16.648
75,0.4,0.8,0.01,-16.456
75,0.4,1.0,1e-06,-17.29
75,0.4,1.0,1e-05,-17.29
75,0.4,1.0,0.0001,-17.285
75,0.4,1.0,0.001,-17.242
75,0.4,1.0,0.01,-17.057
75,0.4,1.2,1e-06,-17.776
75,0.4,1.2,1e-05,-17.775
75,0.4,1.2,0.0001,-17.771
75,0.4,1.2,0.001,-17.729
75,0.4,1.2,0.01,-17.55
75,0.6,0.0,1e-06,2.126
75,0.6,0.0,1e-05,2.129
75,0.6,0.0,0.0001,2.167
75,0.6,0.0,0.001,2.481
75,0.6,0.0,0.01,3.719
75,0.6,0.2,1e-06,-9.919
75,0.6,0.2,1e-05,-9.918
75,0.6,0.2,0.0001,-9.909
75,0.6,0.2,0.001,-9.839
75,0.6,0.2,0.01,-9.58
75,0.6,0.5,1e-06,-12.299
75,0.6,0.5,1e-05,-12.298
75,0.6,0.5,0.0001,-12.29
75,0.6,0.5,0.001,-12.229
75,0.6,0.5,0.01,-12.008
75,0.6,0.8,1e-06,-13.47
75,0.6,0.8,1e-05,-13.469
75,0.6,0.8,0.0001,-13.462
75,0.6,0.8,0.001,-13.405
75,0.6,0.8,0.01,-13.199
75,0.6,1.0,1e-06,-14.015
75,0.6,1.0,1e-05,-14.014
75,0.6,1.0,0.0001,-14.007
75,0.6,1.0,0.001,-13.951
75,0.6,1.0,0.01,-13.753
75,0.6,1.2,1e-06,-14.455
75,0.6,1.2,1e-05,-14.454
75,0.6,1.2,0.0001,-14.447
75,0.6,1.2,0.001,-14.393
75,0.6,1.2,0.01,-14.2
80,0.0,0.0,1e-06,4.55
80,0.0,0.0,1e-05,4.555
80,0.0,0.0,0.0001,4.604
80,0.0,0.0,0.001,5.043
80,0.0,0.0,0.01,7.236
80,0.0,0.2,1e-06,-7.928
80,0.0,0.2,1e-05,-7.926
80,0.0,0.2,0.0001,-7.914
80,0.0,0.2,0.001,-7.81
80,0.0,0.2,0.01,-7.475
80,0.0,0.5,1e-06,-10.162
80,0.0,0.5,1e-05,-10.161
80,0.0,0.5,0.0001,-10.149
80,0.0,0.5,0.001,-10.046
80,0.0,0.5,0.01,-9.738
80,0.0,0.8,1e-06,-11.338
80,0.0,0.8,1e-05,-11.337
80,0.0,0.8,0.0001,-11.324
80,0.0,0.8,0.001,-11.225
80,0.0,0.8,0.01,-10.939
80,0.0,1.0,1e-06,-11.91
80,0.0,1.0,1e-05,-11.908
80,0.0,1.0,0.0001,-11.896
80,0.0,1.0,0.001,-11.798
80,0.0,1.0,0.01,-11.524
80,0.0,1.2,1e-06,-12.385
80,0.0,1.2,1e-05,-12.384
80,0.0,1.2,0.0001,-12.372
80,0.0,1.2,0.001,-12.275
80,0.0,1.2,0.01,-12.012
80,0.2,0.0,1e-06,3.132
80,0.2,0.0,1e-05,3.136
80,0.2,0.0,0.0001,3.176
80,0.2,0.0,0.001,3.517
80,0.2,0.0,0.01,4.997
80,0.2,0.2,1e-06,-8.965
80,0.2,0.2,1e-05,-8.964
80,0.2,0.2,0.0001,-8.953
80,0.2,0.2,0.001,-8.867
80,0.2,0.2,0.01,-8.619
80,0.2,0.5,1e-06,-11.025
80,0.2,0.5,1e-05,-11.024
80,0.2,0.5,0.0001,-11.014
80,0.2,0.5,0.001,-10.934
80,0.2,0.5,0.01,-10.724
80,0.2,0.8,1e-06,-12.147
80,0.2,0.8,1e-05,-12.147
80,0.2,0.8,0.0001,-12.137
80,0.2,0.8,0.001,-12.062
80,0.2,0.8,0.01,-11.875
80,0.2,1.0,1e-06,-12.702
80,0.2,1.0,1e-05,-12.702
80,0.2,1.0,0.0001,-12.692
80,0.2,1.0,0.001,-12.619
80,0.2,1.0,0.01,-12.445
80,0.2,1.2,1e-06,-13.168
80,0.2,1.2,1e-05,-13.167
80,0.2,1.2,0.0001,-13.158
80,0.2,1.2,0.001,-13.087
80,0.2,1.2,0.01,-12.923
80,0.4,0.0,1e-06,1.677
80,0.4,0.0,1e-05,1.678
80,0.4,0.0,0.0001,1.69
80,0.4,0.0,0.001,1.796
80,0.4,0.0,0.01,2.484
80,0.4,0.2,1e-06,-10.793
80,0.4,0.2,1e-05,-10.792
80,0.4,0.2,0.0001,-10.788
80,0.4,0.2,0.001,-10.751
80,0.4,0.2,0.01,-10.59
80,0.4,0.5,1e-06,-13.295
80,0.4,0.5,1e-05,-13.295
80,0.4,0.5,0.0001,-13.291
80,0.4,0.5,0.001,-13.257
80,0.4,0.5,0.01,-13.115
80,0.4,0.8,1e-06,-14.6
80,0.4,0.8,1e-05,-14.6
80,0.4,0.8,0.0001,-14.596
80,0.4,0.8,0.001,-14.563
80,0.4,0.8,0.01,-14.431
80,0.4,1.0,1e-06,-15.225
80,0.4,1.0,1e-05,-15.224
80,0.4,1.0,0.0001,-15.22
80,0.4,1.0,0.001,-15.189
80,0.4,1.0,0.01,-15.061
80,0.4,1.2,1e-06,-15.738
80,0.4,1.2,1e-05,-15.737
80,0.4,1.2,0.0001,-15.734
80,0.4,1.2,0.001,-15.702
80,0.4,1.2,0.01,-15.579
80,0.6,0.0,1e-06,0.002
80,0.6,0.0,1e-05,0.004
80,0.6,0.0,0.0001,0.02
80,0.6,0.0,0.001,0.169
80,0.6,0.0,0.01,1.015
80,0.6,0.2,1e-06,-6.811
80,0.6,0.2,1e-05,-6.81
80,0.6,0.2,0.0001,-6.802
80,0.6,0.2,0.001,-6.741
80,0.6,0.2,0.01,-6.508
80,0.6,0.5,1e-06,-8.917
80,0.6,0.5,1e-05,-8.916
80,0.6,0.5,0.0001,-8.91
80,0.6,0.5,0.001,-8.856
80,0.6,0.5,0.01,-8.672
80,0.6,0.8,1e-06,-10.047
80,0.6,0.8,1e-05,-10.046
80,0.6,0.8,0.0001,-10.04
80,0.6,0.8,0.001,-9.99
80,0.6,0.8,0.01,-9.828
80,0.6,1.0,1e-06,-10.593
80,0.6,1.0,1e-05,-10.592
80,0.6,1.0,0.0001,-10.586
80,0.6,1.0,0.001,-10.538
80,0.6,1.0,0.01,-10.385
80,0.6,1.2,1e-06,-11.043
80,0.6,1.2,1e-05,-11.043
80,0.6,1.2,0.0001,-11.037
80,0.6,1.2,0.001,-10.99
80,0.6,1.2,0.01,-10.845
82,0.0,0.0,1e-06,6.176
82,0.0,0.0,1e-05,6.18
82,0.0,0.0,0.0001,6.222
82,0.0,0.0,0.001,6.608
82,0.0,0.0,0.01,8.914
82,0.0,0.2,1e-06,-7.606
82,0.0,0.2,1e-05,-7.605
82,0.0,0.2,0.0001,-7.597
82,0.0,0.2,0.001,-7.529
82,0.0,0.2,0.01,-7.269
82,0.0,0.5,1e-06,-10.016
82,0.0,0.5,1e-05,-10.015
82,0.0,0.5,0.0001,-10.008
82,0.0,0.5,0.001,-9.945
82,0.0,0.5,0.01,-9.703
82,0.0,0.8,1e-06,-11.299
82,0.0,0.8,1e-05,-11.298
82,0.0,0.8,0.0001,-11.291
82,0.0,0.8,0.001,-11.229
82,0.0,0.8,0.01,-10.984
82,0.0,1.0,1e-06,-11.919
82,0.0,1.0,1e-05,-11.919
82,0.0,1.0,0.0001,-11.912
82,0.0,1.0,0.001,-11.849
82,0.0,1.0,0.01,-11.6
82,0.0,1.2,1e-06,-12.432
82,0.0,1.2,1e-05,-12.432
82,0.0,1.2,0.0001,-12.424
82,0.0,1.2,0.001,-12.362
82,0.0,1.2,0.01,-12.108
82,0.2,0.0,1e-06,4.869
82,0.2,0.0,1e-05,4.876
82,0.2,0.0,0.0001,4.942
82,0.2,0.0,0.001,5.498
82,0.2,0.0,0.01,7.63
82,0.2,0.2,1e-06,-7.74
82,0.2,0.2,1e-05,-7.738
82,0.2,0.2,0.0001,-7.723
82,0.2,0.2,0.001,-7.608
82,0.2,0.2,0.01,-7.414
82,0.2,0.5,1e-06,-10.03
82,0.2,0.5,1e-05,-10.028
82,0.2,0.5,0.0001,-10.015
82,0.2,0.5,0.001,-9.915
82,0.2,0.5,0.01,-9.776
82,0.2,0.8,1e-06,-11.265
82,0.2,0.8,1e-05,-11.263
82,0.2,0.8,0.0001,-11.25
82,0.2,0.8,0.001,-11.157
82,0.2,0.8,0.01,-11.045
82,0.2,1.0,1e-06,-11.869
82,0.2,1.0,1e-05,-11.868
82,0.2,1.0,0.0001,-11.855
82,0.2,1.0,0.001,-11.764
82,0.2,1.0,0.01,-11.665
82,0.2,1.2,1e-06,-12.372
82,0.2,1.2,1e-05,-12.371
82,0.2,1.2,0.0001,-12.358
82,0.2,1.2,0.001,-12.27
82,0.2,1.2,0.01,-12.182
82,0.4,0.0,1e-06,1.272
82,0.4,0.0,1e-05,1.274
82,0.4,0.0,0.0001,1.294
82,0.4,0.0,0.001,1.468
82,0.4,0.0,0.01,2.368
82,0.4,0.2,1e-06,-10.498
82,0.4,0.2,1e-05,-10.497
82,0.4,0.2,0.0001,-10.49
82,0.4,0.2,0.001,-10.432
82,0.4,0.2,0.01,-10.228
82,0.4,0.5,1e-06,-12.597
82,0.4,0.5,1e-05,-12.596
82,0.4,0.5,0.0001,-12.59
82,0.4,0.5,0.001,-12.537
82,0.4,0.5,0.01,-12.371
82,0.4,0.8,1e-06,-13.724
82,0.4,0.8,1e-05,-13.723
82,0.4,0.8,0.0001,-13.717
82,0.4,0.8,0.001,-13.667
82,0.4,0.8,0.01,-13.522
82,0.4,1.0,1e-06,-14.273
82,0.4,1.0,1e-05,-14.272
82,0.4,1.0,0.0001,-14.266
82,0.4,1.0,0.001,-14.218
82,0.4,1.0,0.01,-14.082
82,0.4,1.2,1e-06,-14.729
82,0.4,1.2,1e-05,-14.728
82,0.4,1.2,0.0001,-14.722
82,0.4,1.2,0.001,-14.675
82,0.4,1.2,0.01,-14.548
82,0.6,0.0,1e-06,1.103
82,0.6,0.0,1e-05,1.105
82,0.6,0.0,0.0001,1.127
82,0.6,0.0,0.001,1.322
82,0.6,0.0,0.01,2.377
82,0.6,0.2,1e-06,-9.711
82,0.6,0.2,1e-05,-9.71
82,0.6,0.2,0.0001,-9.702
82,0.6,0.2,0.001,-9.637
82,0.6,0.2,0.01,-9.388
82,0.6,0.5,1e-06,-11.884
82,0.6,0.5,1e-05,-11.884
82,0.6,0.5,0.0001,-11.877
82,0.6,0.5,0.001,-11.816
82,0.6,0.5,0.01,-11.595
82,0.6,0.8,1e-06,-13.04
82,0.6,0.8,1e-05,-13.04
82,0.6,0.8,0.0001,-13.033
82,0.6,0.8,0.001,-12.975
82,0.6,0.8,0.01,-12.771
82,0.6,1.0,1e-06,-13.601
82,0.6,1.0,1e-05,-13.6
82,0.6,1.0,0.0001,-13.594
82,0.6,1.0,0.001,-13.537
82,0.6,1.0,0.01,-13.342
82,0.6,1.2,1e-06,-14.066
82,0.6,1.2,1e-05,-14.065
82,0.6,1.2,0.0001,-14.059
82,0.6,1.2,0.001,-14.003
82,0.6,1.2,0.01,-13.816
84,0.0,0.0,1e-06,5.193
84,0.0,0.0,1e-05,5.197
84,0.0,0.0,0.0001,5.244
84,0.0,0.0,0.001,5.668
84,0.0,0.0,0.01,7.775
84,0.0,0.2,1e-06,-7.227
84,0.0,0.2,1e-05,-7.226
84,0.0,0.2,0.0001,-7.212
84,0.0,0.2,0.001,-7.098
84,0.0,0.2,0.01,-6.78
84,0.0,0.5,1e-06,-9.54
84,0.0,0.5,1e-05,-9.539
84,0.0,0.5,0.0001,-9.526
84,0.0,0.5,0.001,-9.426
84,0.0,0.5,0.01,-9.172
84,0.0,0.8,1e-06,-10.771
84,0.0,0.8,1e-05,-10.77
84,0.0,0.8,0.0001,-10.757
84,0.0,0.8,0.001,-10.662
84,0.0,0.8,0.01,-10.43
84,0.0,1.0,1e-06,-11.366
84,0.0,1.0,1e-05,-11.364
84,0.0,1.0,0.0001,-11.352
84,0.0,1.0,0.001,-11.259
84,0.0,1.0,0.01,-11.036
84,0.0,1.2,1e-06,-11.857
84,0.0,1.2,1e-05,-11.856
84,0.0,1.2,0.0001,-11.844
84,0.0,1.2,0.001,-11.751
84,0.0,1.2,0.01,-11.535
84,0.2,0.0,1e-06,2.499
84,0.2,0.0,1e-05,2.505
84,0.2,0.0,0.0001,2.558
84,0.2,0.0,0.001,2.99
84,0.2,0.0,0.01,4.621
84,0.2,0.2,1e-06,-7.613
84,0.2,0.2,1e-05,-7.611
84,0.2,0.2,0.0001,-7.596
84,0.2,0.2,0.001,-7.5
84,0.2,0.2,0.01,-7.332
84,0.2,0.5,1e-06,-10.05
84,0.2,0.5,1e-05,-10.049
84,0.2,0.5,0.0001,-10.037
84,0.2,0.5,0.001,-9.962
84,0.2,0.5,0.01,-9.866
84,0.2,0.8,1e-06,-11.379
84,0.2,0.8,1e-05,-11.378
84,0.2,0.8,0.0001,-11.367
84,0.2,0.8,0.001,-11.301
84,0.2,0.8,0.01,-11.235
84,0.2,1.0,1e-06,-12.029
84,0.2,1.0,1e-05,-12.028
84,0.2,1.0,0.0001,-12.017
84,0.2,1.0,0.001,-11.955
84,0.2,1.0,0.01,-11.903
84,0.2,1.2,1e-06,-12.569
84,0.2,1.2,1e-05,-12.568
84,0.2,1.2,0.0001,-12.558
84,0.2,1.2,0.001,-12.499
84,0.2,1.2,0.01,-12.457
84,0.4,0.0,1e-06,2.112
84,0.4,0.0,1e-05,2.114
84,0.4,0.0,0.0001,2.137
84,0.4,0.0,0.001,2.341
84,0.4,0.0,0.01,3.422
84,0.4,0.2,1e-06,-10.512
84,0.4,0.2,1e-05,-10.511
84,0.4,0.2,0.0001,-10.504
84,0.4,0.2,0.001,-10.441
84,0.4,0.2,0.01,-10.192
84,0.4,0.5,1e-06,-12.604
84,0.4,0.5,1e-05,-12.604
84,0.4,0.5,0.0001,-12.597
84,0.4,0.5,0.001,-12.543
84,0.4,0.5,0.01,-12.34
84,0.4,0.8,1e-06,-13.696
84,0.4,0.8,1e-05,-13.696
84,0.4,0.8,0.0001,-13.69
84,0.4,0.8,0.001,-13.64
84,0.4,0.8,0.01,-13.461
84,0.4,1.0,1e-06,-14.223
84,0.4,1.0,1e-05,-14.223
84,0.4,1.0,0.0001,-14.217
84,0.4,1.0,0.001,-14.169
84,0.4,1.0,0.01,-14.002
84,0.4,1.2,1e-06,-14.659
84,0.4,1.2,1e-05,-14.659
84,0.4,1.2,0.0001,-14.653
84,0.4,1.2,0.001,-14.607
84,0.4,1.2,0.01,-14.45
84,0.6,0.0,1e-06,0.707
84,0.6,0.0,1e-05,0.71
84,0.6,0.0,0.0001,0.734
84,0.6,0.0,0.001,0.928
84,0.6,0.0,0.01,1.651
84,0.6,0.2,1e-06,-8.33
84,0.6,0.2,1e-05,-8.329
84,0.6,0.2,0.0001,-8.318
84,0.6,0.2,0.001,-8.231
84,0.6,0.2,0.01,-7.973
84,0.6,0.5,1e-06,-10.057
84,0.6,0.5,1e-05,-10.056
84,0.6,0.5,0.0001,-10.046
84,0.6,0.5,0.001,-9.971
84,0.6,0.5,0.01,-9.775
84,0.6,0.8,1e-06,-11.061
84,0.6,0.8,1e-05,-11.06
84,0.6,0.8,0.0001,-11.051
84,0.6,0.8,0.001,-10.982
84,0.6,0.8,0.01,-10.822
84,0.6,1.0,1e-06,-11.573
84,0.6,1.0,1e-05,-11.572
84,0.6,1.0,0.0001,-11.563
84,0.6,1.0,0.001,-11.498
84,0.6,1.0,0.01,-11.356
84,0.6,1.2,1e-06,-12.01
84,0.6,1.2,1e-05,-12.009
84,0.6,1.2,0.0001,-12.001
84,0.6,1.2,0.001,-11.939
84,0.6,1.2,0.01,-11.812
86,0.0,0.0,1e-06,3.057
86,0.0,0.0,1e-05,3.062
86,0.0,0.0,0.0001,3.102
86,0.0,0.0,0.001,3.458
86,0.0,0.0,0.01,4.901
86,0.0,0.2,1e-06,-9.35
86,0.0,0.2,1e-05,-9.348
86,0.0,0.2,0.0001,-9.333
86,0.0,0.2,0.001,-9.212
86,0.0,0.2,0.01,-8.892
86,0.0,0.5,1e-06,-11.523
86,0.0,0.5,1e-05,-11.522
86,0.0,0.5,0.0001,-11.51
86,0.0,0.5,0.001,-11.409
86,0.0,0.5,0.01,-11.185
86,0.0,0.8,1e-06,-12.739
86,0.0,0.8,1e-05,-12.738
86,0.0,0.8,0.0001,-12.726
86,0.0,0.8,0.001,-12.634
86,0.0,0.8,0.01,-12.445
86,0.0,1.0,1e-06,-13.343
86,0.0,1.0,1e-05,-13.342
86,0.0,1.0,0.0001,-13.33
86,0.0,1.0,0.001,-13.242
86,0.0,1.0,0.01,-13.065
86,0.0,1.2,1e-06,-13.849
86,0.0,1.2,1e-05,-13.848
86,0.0,1.2,0.0001,-13.837
86,0.0,1.2,0.001,-13.75
86,0.0,1.2,0.01,-13.582
86,0.2,0.0,1e-06,2.854
86,0.2,0.0,1e-05,2.859
86,0.2,0.0,0.0001,2.901
86,0.2,0.0,0.001,3.257
86,0.2,0.0,0.01,4.619
86,0.2,0.2,1e-06,-7.554
86,0.2,0.2,1e-05,-7.552
86,0.2,0.2,0.0001,-7.543
86,0.2,0.2,0.001,-7.474
86,0.2,0.2,0.01,-7.446
86,0.2,0.5,1e-06,-10.02
86,0.2,0.5,1e-05,-10.019
86,0.2,0.5,0.0001,-10.012
86,0.2,0.5,0.001,-9.959
86,0.2,0.5,0.01,-9.999
86,0.2,0.8,1e-06,-11.341
86,0.2,0.8,1e-05,-11.34
86,0.2,0.8,0.0001,-11.333
86,0.2,0.8,0.001,-11.288
86,0.2,0.8,0.01,-11.356
86,0.2,1.0,1e-06,-11.982
86,0.2,1.0,1e-05,-11.982
86,0.2,1.0,0.0001,-11.975
86,0.2,1.0,0.001,-11.933
86,0.2,1.0,0.01,-12.014
86,0.2,1.2,1e-06,-12.515
86,0.2,1.2,1e-05,-12.514
86,0.2,1.2,0.0001,-12.507
86,0.2,1.2,0.001,-12.468
86,0.2,1.2,0.01,-12.559
86,0.4,0.0,1e-06,0.549
86,0.4,0.0,1e-05,0.55
86,0.4,0.0,0.0001,0.563
86,0.4,0.0,0.001,0.686
86,0.4,0.0,0.01,1.344
86,0.4,0.2,1e-06,-8.961
86,0.4,0.2,1e-05,-8.96
86,0.4,0.2,0.0001,-8.954
86,0.4,0.2,0.001,-8.9
86,0.4,0.2,0.01,-8.704
86,0.4,0.5,1e-06,-11.081
86,0.4,0.5,1e-05,-11.08
86,0.4,0.5,0.0001,-11.075
86,0.4,0.5,0.001,-11.029
86,0.4,0.5,0.01,-10.879
86,0.4,0.8,1e-06,-12.284
86,0.4,0.8,1e-05,-12.283
86,0.4,0.8,0.0001,-12.278
86,0.4,0.8,0.001,-12.236
86,0.4,0.8,0.01,-12.108
86,0.4,1.0,1e-06,-12.882
86,0.4,1.0,1e-05,-12.881
86,0.4,1.0,0.0001,-12.876
86,0.4,1.0,0.001,-12.836
86,0.4,1.0,0.01,-12.719
86,0.4,1.2,1e-06,-13.383
86,0.4,1.2,1e-05,-13.382
86,0.4,1.2,0.0001,-13.378
86,0.4,1.2,0.001,-13.339
86,0.4,1.2,0.01,-13.23
86,0.6,0.0,1e-06,0.986
86,0.6,0.0,1e-05,0.988
86,0.6,0.0,0.0001,1.001
86,0.6,0.0,0.001,1.126
86,0.6,0.0,0.01,1.85
86,0.6,0.2,1e-06,-8.873
86,0.6,0.2,1e-05,-8.873
86,0.6,0.2,0.0001,-8.866
86,0.6,0.2,0.001,-8.813
86,0.6,0.2,0.01,-8.617
86,0.6,0.5,1e-06,-10.772
86,0.6,0.5,1e-05,-10.772
86,0.6,0.5,0.0001,-10.766
86,0.6,0.5,0.001,-10.718
86,0.6,0.5,0.01,-10.558
86,0.6,0.8,1e-06,-11.816
86,0.6,0.8,1e-05,-11.816
86,0.6,0.8,0.0001,-11.81
86,0.6,0.8,0.001,-11.764
86,0.6,0.8,0.01,-11.624
86,0.6,1.0,1e-06,-12.332
86,0.6,1.0,1e-05,-12.332
86,0.6,1.0,0.0001,-12.326
86,0.6,1.0,0.001,-12.282
86,0.6,1.0,0.01,-12.151
86,0.6,1.2,1e-06,-12.765
86,0.6,1.2,1e-05,-12.765
86,0.6,1.2,0.0001,-12.76
86,0.6,1.2,0.001,-12.717
86,0.6,1.2,0.01,-12.592
88,0.0,0.0,1e-06,1.575
88,0.0,0.0,1e-05,1.579
88,0.0,0.0,0.0001,1.613
88,0.0,0.0,0.001,1.916
88,0.0,0.0,0.01,3.265
88,0.0,0.2,1e-06,-12.384
88,0.0,0.2,1e-05,-12.383
88,0.0,0.2,0.0001,-12.372
88,0.0,0.2,0.001,-12.281
88,0.0,0.2,0.01,-12.02
88,0.0,0.5,1e-06,-14.4
88,0.0,0.5,1e-05,-14.399
88,0.0,0.5,0.0001,-14.389
88,0.0,0.5,0.001,-14.307
88,0.0,0.5,0.01,-14.095
88,0.0,0.8,1e-06,-15.532
88,0.0,0.8,1e-05,-15.531
88,0.0,0.8,0.0001,-15.522
88,0.0,0.8,0.001,-15.445
88,0.0,0.8,0.01,-15.258
88,0.0,1.0,1e-06,-16.098
88,0.0,1.0,1e-05,-16.097
88,0.0,1.0,0.0001,-16.088
88,0.0,1.0,0.001,-16.014
88,0.0,1.0,0.01,-15.839
88,0.0,1.2,1e-06,-16.574
88,0.0,1.2,1e-05,-16.573
88,0.0,1.2,0.0001,-16.564
88,0.0,1.2,0.001,-16.492
88,0.0,1.2,0.01,-16.327
88,0.2,0.0,1e-06,2.47
88,0.2,0.0,1e-05,2.472
88,0.2,0.0,0.0001,2.494
88,0.2,0.0,0.001,2.686
88,0.2,0.0,0.01,3.685
88,0.2,0.2,1e-06,-8.983
88,0.2,0.2,1e-05,-8.982
88,0.2,0.2,0.0001,-8.975
88,0.2,0.2,0.001,-8.919
88,0.2,0.2,0.01,-8.778
88,0.2,0.5,1e-06,-11.193
88,0.2,0.5,1e-05,-11.192
88,0.2,0.5,0.0001,-11.187
88,0.2,0.5,0.001,-11.141
88,0.2,0.5,0.01,-11.064
88,0.2,0.8,1e-06,-12.445
88,0.2,0.8,1e-05,-12.445
88,0.2,0.8,0.0001,-12.44
88,0.2,0.8,0.001,-12.401
88,0.2,0.8,0.01,-12.356
88,0.2,1.0,1e-06,-13.072
88,0.2,1.0,1e-05,-13.072
88,0.2,1.0,0.0001,-13.067
88,0.2,1.0,0.001,-13.031
88,0.2,1.0,0.01,-13.0
88,0.2,1.2,1e-06,-13.6
88,0.2,1.2,1e-05,-13.6
88,0.2,1.2,0.0001,-13.595
88,0.2,1.2,0.001,-13.561
88,0.2,1.2,0.01,-13.541
88,0.4,0.0,1e-06,1.21
88,0.4,0.0,1e-05,1.213
88,0.4,0.0,0.0001,1.246
88,0.4,0.0,0.001,1.541
88,0.4,0.0,0.01,2.99
88,0.4,0.2,1e-06,-9.247
88,0.4,0.2,1e-05,-9.246
88,0.4,0.2,0.0001,-9.238
88,0.4,0.2,0.001,-9.17
88,0.4,0.2,0.01,-8.96
88,0.4,0.5,1e-06,-11.528
88,0.4,0.5,1e-05,-11.527
88,0.4,0.5,0.0001,-11.521
88,0.4,0.5,0.001,-11.465
88,0.4,0.5,0.01,-11.321
88,0.4,0.8,1e-06,-12.777
88,0.4,0.8,1e-05,-12.776
88,0.4,0.8,0.0001,-12.77
88,0.4,0.8,0.001,-12.721
88,0.4,0.8,0.01,-12.608
88,0.4,1.0,1e-06,-13.389
88,0.4,1.0,1e-05,-13.389
88,0.4,1.0,0.0001,-13.383
88,0.4,1.0,0.001,-13.336
88,0.4,1.0,0.01,-13.237
88,0.4,1.2,1e-06,-13.899
88,0.4,1.2,1e-05,-13.898
88,0.4,1.2,0.0001,-13.892
88,0.4,1.2,0.001,-13.848
88,0.4,1.2,0.01,-13.759
88,0.6,0.0,1e-06,1.147
88,0.6,0.0,1e-05,1.148
88,0.6,0.0,0.0001,1.161
88,0.6,0.0,0.001,1.277
88,0.6,0.0,0.01,1.995
88,0.6,0.2,1e-06,-9.911
88,0.6,0.2,1e-05,-9.911
88,0.6,0.2,0.0001,-9.906
88,0.6,0.2,0.001,-9.865
88,0.6,0.2,0.01,-9.675
88,0.6,0.5,1e-06,-12.029
88,0.6,0.5,1e-05,-12.029
88,0.6,0.5,0.0001,-12.024
88,0.6,0.5,0.001,-11.986
88,0.6,0.5,0.01,-11.819
88,0.6,0.8,1e-06,-13.162
88,0.6,0.8,1e-05,-13.162
88,0.6,0.8,0.0001,-13.157
88,0.6,0.8,0.001,-13.12
88,0.6,0.8,0.01,-12.965
88,0.6,1.0,1e-06,-13.711
88,0.6,1.0,1e-05,-13.71
88,0.6,1.0,0.0001,-13.706
88,0.6,1.0,0.001,-13.669
88,0.6,1.0,0.01,-13.519
88,0.6,1.2,1e-06,-14.164
88,0.6,1.2,1e-05,-14.164
88,0.6,1.2,0.0001,-14.16
88,0.6,1.2,0.001,-14.124
88,0.6,1.2,0.01,-13.977
